time,error
0.00025933048000000003,0.30341311213012884
0.0008310355938281901,0.13502126522497418
0.0015180129604261798,0.05995284642292287
0.0020826412723492726,0.026584992861259
0.0035972144712230216,0.011777339859721181
