time,error
0.004945266503461919,0.4620689338194474
0.010994568417582416,0.31585041293760513
0.02364778241509434,0.22609106089571446
0.05102741324242424,0.16250411875546922
0.10874612773913044,0.1165151111468062
