time,error
0.0029864901679617457,0.013515649933991496
0.006903661555248619,0.004673951458648081
0.014777805292035399,0.0016307376629447739
0.03456114026896552,0.0005717764796455018
0.0801764703015873,0.00020116121454438282
