time,error
0.0002533657875,0.30341311213012884
0.000567050093255999,0.1350212652249748
0.0009434701531055315,0.05995284642292287
0.0019410205256410258,0.026584992861261963
0.003969002464654488,0.011777339859721181
