time,error
0.008356668394957982,0.1967371505731256
0.01772350657894737,0.08369983684326973
0.03881997907692308,0.03824940327498357
0.08051682376923076,0.018092158430065165
0.17520575716666667,0.008724335181809343
