time,error
0.003068652315110565,0.5474734406290618
0.006783925255088195,0.374660478150437
0.014746135002949853,0.25919602768307143
0.03439652743150685,0.18025878201247353
0.07735979106153845,0.12581297258167606
