time,error
0.0003357549424,0.027657347097573986
0.00062469863478152,0.011788365239925843
0.001145555082779179,0.00499921304481384
0.0021662615459670425,0.002112377978064887
0.004038101176898223,0.0008913359000872015
