time,error
0.0002537590117,0.06033573368630508
0.0003217325856,0.027807521436839188
0.0007434083848448688,0.01071794327458891
0.00133078148546279,0.0034471429444174716
0.005559365747216036,0.0012595622475906308
