time,error
0.000210622159,0.02691383653772
0.000769260290582404,0.009402194994391624
0.0006409855716662401,0.004241713441249326
0.001736046856347826,0.0015680424430132452
0.003564516474053296,0.000479567261985667
