time,error
0.00035533054438502675,0.3216566415596462
0.0007646521042145594,0.06902895140699682
0.0020565466760828627,0.018821205072996904
0.002558506097186701,0.006202619799660117
