time,error
0.0001446067152,0.3216566415596462
0.0002933910239,0.06902895140699682
0.0008036167386748347,0.018821205072996904
0.0013064849973815134,0.006202619799660117
