time,error
0.0001120579254,0.1582760908171009
0.0003192580844,0.07354525215530137
0.0005945575441088695,0.031871521625217024
0.001352009069124424,0.013470916271394058
0.0017913709013629843,0.005650804890313007
