time,error
0.0002172640555,0.02424416674292131
0.0004586269179,0.007337328805417679
0.0010239050761650585,0.003607722525051323
0.0037000845556379824,0.0014197259014569305
0.003039342949482654,0.0004274906256122627
