time,error
0.0002242553204,0.32165664155964624
0.0004990459805728019,0.0690289514069968
0.0012831996870818322,0.01882120507299694
0.0020379297141690485,0.0062026197996601735
