,time,error
1,0.0037698745727539062,0.32165664155965584
2,0.006447792053222656,0.06902895140700105
3,0.014820098876953125,0.018821205073001623
4,0.03269314765930176,0.006202619799662363
