time,error
0.0002153736441,0.14978416794727697
0.0002757502211,0.1432215768866827
0.0005010305761197028,0.12071723935168294
0.0008435391655685083,0.09463769326695551
0.0017132359056927298,0.07118130396134133
