,time,error
0,0.0054149627685546875,3.1168499577437583
1,0.004361152648925781,1.9566987930907986
2,0.012079715728759766,1.2268032302308567
3,0.023680925369262695,0.7686683136960448
