time,error
7.59580961e-5,0.02255237720459556
0.00013085187270000002,0.006114421642680149
0.0002163610163,0.0018904782217592983
0.0003968767319,0.0006343572730859071
0.0007923908676190476,0.0002195467494353893
