time,error
7.0088627e-6,0.3501208088410739
2.28659223e-5,0.2268985121056291
5.3976e-5,0.15172765450774126
0.0001092707367,0.10334592581322341
0.0002214297248,0.07123594956895457
