time,error
7.11133023e-5,0.03073805481391379
0.0001254253767,0.010694907896243253
0.0002196147406,0.0038288192157078156
0.0003767409501,0.001372181097109961
0.0007419115874925729,0.000489127416528204
