time,error
3.76466905e-5,0.016559667216711618
6.91378065e-5,0.005619061193954602
0.0001374292114,0.0019329598708121187
0.0002721028774,0.0006772342037376104
0.0005221555679012346,0.00023935744854169396
