time,error
8.046789e-5,0.019117243390110766
0.0001470796646,0.004390220448302794
0.0002250495652,0.0011874270257277828
0.00041164606959999997,0.0003750572265174875
0.0008245404590488772,0.00012693863730688792
