time,error
3.93733277e-5,0.24133498858709618
7.04057429e-5,0.1710038864891748
0.0001410910188,0.12320572394653813
0.00026413724800000005,0.08888156646411723
0.0005151129176300577,0.0639357333119853
