,time,error
0,0.003820180892944336,0.21465377957366882
1,0.0009839534759521484,0.08226791485927
2,0.0014231204986572266,0.034312765151994336
3,0.0028829574584960938,0.015194933538634024
4,0.0054819583892822266,0.006995695275104065
