time,error
2.6149037199999998e-5,0.21465377957366782
6.19900718e-5,0.08226791485927154
0.00012958590049556599,0.03431276515199629
0.0002528335360223237,0.015194933538616937
0.0004877337342452369,0.00699569527505559
