time,error
1.09939755e-5,0.21465377957366782
3.99222946e-5,0.08226791485927154
9.926249980000001e-5,0.03431276515199629
0.00018463342000000002,0.015194933538616937
0.0003869073345,0.00699569527505559
