time,error
7.00517009e-5,0.00069207842030794
0.00016249615009999999,0.000196431193441556
0.0003434607955,5.2228058483964425e-5
0.0006964415549825783,1.3463329807598493e-5
0.0013835509598560355,3.4189078310653542e-6
