time,error
4.76414525e-5,0.002993366918240999
0.00014190293599999998,0.0008219029378199553
0.00032523751409999996,0.00021403564744026937
0.0006531589208529566,5.456189655106414e-5
0.0013152633720379145,1.3774224891201689e-5
