time,error
6.369429510000001e-5,1.3414473677645256e51
0.00015771529219342606,2.3202824553879713e102
0.0003252236267926988,1.4941455304665796e200
0.0006514751063274625,NaN
0.0012564322835633627,NaN
