time,error
7.06758863e-5,0.0012696364479346893
0.0001667959559,0.00035344674366655227
0.0003477780614,9.27837680800477e-5
0.0007035293487389038,2.3752299794418025e-5
0.0013992826283954075,6.009613865950077e-6
