time,error
7.06758863e-5,0.0016820975426741214
0.0001667959559,0.00042770284150132437
0.0003477780614,0.00010823304247672046
0.0007035293487389038,2.729239916302954e-5
0.0013992826283954075,6.8647408157929135e-6
