time,error
7.00517009e-5,0.07761139958135506
0.00016249615009999999,0.0410671577824114
0.0003434607955,0.021366604521546595
0.0006964415549825783,0.010985460607454792
0.0013835509598560355,0.005601325159407515
