time,error
4.76414525e-5,1.3414473677645256e51
0.00014190293599999998,2.3202824553879713e102
0.00032523751409999996,1.4941455304665796e200
0.0006531589208529566,NaN
0.0013152633720379145,NaN
