Time(hr),Biomass(g/l)
0,0.5086
2,0.80489
4,1.60221
6,2.40335
8,3.30367
10,3.80342
12,4.20272
16,4.40237
28,4.59566
44,4.64398
48,4.59566