Time(hr),Product(g/l)
0,3.4635
2,3.97011
4,8.33958
6,11.76973
8,18.14452
10,20.61422
12,24.48765
16,30.41916
28,38.21878
44,39.65416
48,41.16342