Time(hr),Substrate(g/l)
0,90.15163
2,82.12555
4,72.20281
6,61.12358
8,49.07289
10,35.10242
12,24.06944
16,11.92623
28,6.00497
44,5.01039
48,4.96413