time,error
0.000573972,10.4874078933057
0.000792446791666667,7.47516813996851
0.00109005533333333,5.27268792125364
0.002142722,3.70196726923701
0.004276722,2.59431141830751
